author,watcher_count,follower_count,co_fo_wa_count
00Davo,2,2,1
00firestar00,2,12,1
0rAX0,3,1,1
0x0000,29,6,3
0x17,5,4,1
0xicl33n,2,1,1
110424,2,2,1
14wrivera,2,4,1
1516ceed1,5,5,1
181dev,2,3,1
1upon0,3,3,1
2hdddg,13,1,1
3david,5,5,1
3dminicnc,2,1,1
4crimson,3,1,1
4esterUA,4,1,1
7shi,9,16,3
80286,2,2,1
8bitAlex,2,1,1
9_3designs,3,3,2
9ulo9ulo,2,1,1
a2c,14,47,3
A2K,15,1,1
aagrapsas,2,6,1
aakshabayev,5,2,1
aalex,15,5,1
aaronperkins,10,1,1
aaronpowell,2,24,1
aaront,2,1,1
a_atalla,9,3,1
AAverin,2,2,1
abandiziol,3,6,2
abarrach,2,1,1
abbradar,9,7,3
abderrahim,11,2,1
abdulaziz592,2,1,1
abelbalbis,2,1,1
abensonca,7,2,1
abeyalex,2,1,1
abhigit,2,2,1
abhishekdelta,1,3,1
abidon,2,4,1
ableton,1,5,1
abner,3,3,1
abolibibelot,3,2,1
aboSamoor,12,8,2
abram,5,5,1
abramm,8,2,2
abrichr,2,1,1
Abscissa,9,1,1
acaceres,4,3,1
aCarrion,2,1,1
acecheesecr14,6,2,2
AceStream,11,1,1
acfrai,1,2,1
acharal,2,4,1
achecchia,3,1,1
achriste,7,2,1
acortes,2,1,1
acossettini,4,2,2
activeobjects,22,5,1
acuarica,2,2,1
ad3w,14,5,2
Adam01,3,5,1
adamldavis,51,1,1
adaptiveplatform,2,2,1
adaur,2,1,1
adavidson,2,1,1
adbjesus,2,2,1
addjar,2,2,1
addstar,2,1,1
adebski,2,1,1
adenbley,2,1,1
adeneche,4,2,1
Adhurim,2,1,1
adimascio,5,4,2
adium,162,57,15
admik,2,3,1
adonig,2,2,1
adonm,5,4,1
adrianpescar,2,1,1
adroll,34,1,1
adstomper,41,8,3
adunstan,24,6,2
adytzu2007,2,1,1
ae35,15,19,5
aecepoglu,2,3,1
aenigmaclamo,2,1,1
aeonhack,3,1,1
Aerilius,2,5,1
aescolar,4,1,1
afrankvt,18,16,8
afsantos,2,1,1
agh0,2,3,1
agnieszkapc,16,5,3
agoubard,45,5,4
agr,5,11,1
agraef,2,6,1
agresor,2,1,1
agriffis,3,3,1
agriggio,81,7,2
agronholm,48,7,2
aguevara,3,1,1
agui,2,1,1
agurney,3,4,1
a_hassala,3,2,2
ahbishop,2,1,1
ahieser,2,4,1
ahigerd,3,3,1
AhmedSoliman,2,2,1
ahmegen,2,1,1
ahoffer,2,3,1
ahoka,3,3,1
ahshare,11,9,4
aihara,10,7,2
aiida_team,17,4,3
ainm,4,1,1
aitjcize,2,6,1
ajborn,2,1,1
ajmontag,2,2,1
ajnsit,4,1,1
ajohanson,2,1,1
ajweaver,19,10,2
akabos,3,2,1
akaras,3,2,1
akd,3,2,2
akedwin,2,1,1
akhenakh,2,1,1
akhile,2,2,1
akhutsishvili,2,1,1
akiko_pusu,37,6,3
akoha,3,8,2
akorn,14,47,2
akortunov,3,2,1
akozlik,3,2,1
akshell,5,4,1
akuruppath,2,2,1
al45tair,35,3,3
alamer,2,1,1
Alan,9,3,1
alancham,2,1,1
alanihre,2,2,1
alanmi,56,8,4
AlanU,4,3,1
alberanid,46,8,2
AlbertLysenco,4,1,1
albertnan,3,19,2
albertogcatalan,4,7,2
albertoibarra,2,1,1
albertop,7,5,3
albertov,6,2,2
albrom,2,2,1
aldrinleal,16,13,1
alecwh,2,5,1
alekas,3,1,1
alek_p,3,4,2
Aleksey009,2,4,1
aleszoulek,2,2,1
aleter,2,1,1
aleufroy,3,5,1
alexames,32,2,2
__alexander__,2,3,1
alexanderdreyer,3,3,1
Alexander_Hanel,18,22,7
alexander_lee,10,6,2
alexandro,8,3,1
AlexBobkov,12,1,1
alexbodn,10,5,3
alexcollioni,3,1,1
alexcomu,7,11,3
alexdavies74,16,3,1
alexebird,2,1,1
alexeykor,2,1,1
alexfikl,2,1,1
alexghr,2,3,1
alexiosg,4,3,1
alexlevelism,5,4,2
alexmucde,2,1,1
alex_novinski,3,1,1
alexolteanuinc,2,1,1
alex_razv,5,5,2
alexrp,14,3,2
alexruperez,2,7,1
alexsiri7,7,1,1
alexstolz,3,5,2
AlexWayfer,2,2,1
alexxbb,9,3,2
alfonse,234,41,19
alfonsodg,12,12,1
ali1k,16,2,2
alien8,5,7,2
all4dk,5,3,1
aloft,11,2,2
aloknitk,2,1,1
alone,19,8,4
alozalv,2,1,1
alperenelhan,2,3,1
alpha900i,2,2,1
alshabani,3,2,1
alu4073,2,1,1
AluisioASG,2,2,1
aluybaev,2,1,1
AlvaradoMartinDiegoArmando,2,4,1
alvaro_sanchez,7,6,2
alvintangsc,4,8,1
alxbl,4,5,2
alxscms,2,1,1
amaanakram,18,25,1
amabilisa,2,4,1
amandajayne,2,1,1
amaslenn,2,1,1
amauryfa,2,3,1
amberhelios,2,2,1
ambroff,1,8,1
AMcBain,2,2,1
amccartn,2,1,1
amdatu,11,37,3
amekusa,2,2,1
amentajo,37,4,1
ametaireau,5,10,1
amilan,17,5,1
amilanov,2,1,1
amjoconn,11,2,1
ammarhakim,3,2,2
amontalenti,3,2,1
amorano,10,1,1
ampatspell,8,11,1
anamizu,3,4,2
anarcher,5,1,1
and1res,3,1,1
and_cesbo,2,14,1
anderslanglands,61,27,7
andersoncpdq,2,2,1
andiwagner,3,2,2
AndreasAM,2,2,1
andrecarlucci,3,3,1
AndreevDm,2,1,1
andre_galdino,2,2,1
Andrei15193,5,4,2
andreio,2,1,1
andrelopes1705,2,4,1
AndresNavarro,18,2,1
andrewgodwin,340,54,23
andrewmman,2,5,1
andrew_shadura,5,4,1
andreytert,3,1,1
androbot,2,1,1
andsve,5,4,1
andyfinnell,38,6,1
andymackinlay,2,2,1
andysan29,7,4,2
andy_somerville,2,6,1
AndyStaple,3,5,1
aneeshep,2,3,1
aneolf,2,6,1
anfrodriguezpe,2,1,1
angelnan,19,14,3
angeral,2,1,1
angry_elf,8,12,3
angry_tapeworm,3,2,1
aniemiz,2,2,1
animesh,2,1,1
aniruddhabarapatre,2,1,1
anjanavk,20,4,3
anjinkristou,3,2,1
ankstoo,3,1,1
anlun,3,1,1
anmi,2,1,1
annevk,3,7,2
anonymouscr,3,1,1
anonymousme,2,1,1
anrana,2,1,1
Ansariel,2,6,1
Ansif,2,3,1
ant512,24,3,3
Anteru,22,9,4
AnteWall,2,4,1
anth,7,5,1
anthonyb,3,3,1
anthony_bargnesi,2,2,1
anthonydotnet,5,9,2
anthonyroach,2,1,1
anthony_tuininga,108,10,5
antocuni,78,11,4
antoniogoulao,2,4,1
anton_lagankin,2,1,1
antrigp209,2,1,1
anurse,9,4,1
anushk,3,2,1
aodag,24,48,9
aohta,2,25,1
aolserver,4,3,3
aotto,8,5,2
aovozza,2,1,1
aparashar,2,5,1
aparhimovich,2,1,1
aparradcs,6,4,2
apathy,2,2,1
apdavison,28,5,2
apeiron,2,1,1
apertuscus,2,3,1
apethick,3,1,1
aphalo,2,2,1
apit,2,1,1
apotheon,8,3,1
appfluence,3,1,1
Appofes,3,1,1
apreimantas,7,4,3
apurkiss,2,1,1
aquazul,2,1,1
aragog,4,2,1
aragot,3,4,1
arakawa,2,1,1
Arap,2,2,1
arcanum,4,1,1
archer256,9,1,1
archerz,2,1,1
ardinotow,41,6,2
arfonzo,5,1,1
argv0,13,9,5
arialdomartini,2,7,1
ariefmr,3,10,2
arieg,12,2,1
arigo,31,29,5
ariovistus,33,3,2
aristar,6,3,1
ariya,59,27,3
arjan,10,8,2
Arkuray,3,1,1
Arministrator,2,1,1
ArminW,11,12,2
armish,7,6,3
arnabocean,3,1,1
arnavawasthi,2,2,1
ArneBab,19,5,2
arodriguezcarrillo,5,6,3
Arrehn,3,3,1
artemis,2,2,1
arter97,4,11,1
arturmietek,2,1,1
arvi,1,1,1
arychagov,2,3,1
arzo,2,2,1
as4,2,1,1
asanchez75,3,2,1
asano210,2,1,1
asavinych,1,1,1
aschreyer,3,5,2
asdfgResident,2,2,1
aseba,7,2,1
asermax,2,1,1
ashaw596,2,1,1
ashcrow,6,2,1
ashibata,2,4,1
asifashraf,2,1,1
asironi,2,1,1
askeksa,6,4,4
asmodai,25,4,1
asolya,2,2,1
assarbad,4,1,1
assaron,3,5,1
astanin,11,7,1
astawiarski,2,1,1
asterite,2,2,1
astrataro,2,4,1
astro_ufsc,11,6,5
atabunov,1,1,1
atb,24,6,1
aterrel,6,6,1
atlas0fd00m,17,3,1
atomfrede,2,1,1
attila_afra,6,2,1
attilax,11,1,1
atty303,2,3,1
auc,5,6,1
auggernaut,2,1,1
aurbanowGr1,4,5,1
aurbanowicz,2,10,1
auria,14,8,2
austin_ivicevic,2,1,1
AutoDealerRU,3,2,1
avael,2,2,1
avaraline,7,3,1
avibryant,16,4,3
avintechsoft,2,1,1
aviser,5,1,1
Avram,2,4,1
awa15,4,3,1
Awilum,25,6,1
aws,2,4,1
axelclk,15,8,3
ayhan,2,1,1
ayysir,3,6,1
azarael,2,3,1
azasypkin,2,1,1
azhdanov,16,3,1
azizlight,13,6,3
azmaeve,6,1,1
AzuiSleet,29,14,3
b0bby,3,2,2
b2berry,2,5,1
b3nturner,5,1,1
bacher09,2,1,1
bachmeil,3,4,1
BackwardSpy,2,2,1
badams,2,1,1
badfrog,2,1,1
bagyusz,6,3,2
bahamada,1,1,1
bakkely,3,3,2
baldand,24,3,1
baldur,3,2,2
balpha,8,2,1
bami,6,2,2
BamX,8,4,2
baoilleach,2,4,1
bap,7,7,3
baranbaygan,3,1,1
barbuza,29,16,3
BarclayTech,3,2,1
barryma,2,1,1
barrywardell,6,3,1
bartbes,15,10,2
bashtech,15,7,4
basicer,7,4,1
basie,5,5,3
BastienLaby,4,1,1
batisteo,5,5,2
BattleClinic,30,13,4
battlesignsusmc,2,2,1
bayazee,6,5,2
baylej,2,1,1
bbangert,59,76,8
bbenne10,6,2,1
b_c,20,9,1
bcanustundag,2,4,1
bcroq,2,5,1
bean,2,1,1
bearstech,17,4,1
beckermr,3,4,1
befi,7,1,1
beholdmyglory,4,6,2
behrends,3,6,1
bekroogle,2,2,1
belak,5,19,3
belczyk,4,1,1
benad,2,1,1
BenAlink,7,3,2
benallard,75,8,2
benbarefield,2,1,1
bendikro,2,3,1
benedek,3,2,2
benjamin_dobell,17,5,2
benjaminws,12,12,2
benjaminzhao,3,1,1
benluo,5,1,1
benmao,11,8,3
bennettandrews,1,3,1
bennofs,2,2,1
benoit_bar,4,3,2
benoitc,15,51,1
benoitrat,2,4,1
benoitsteiner,5,3,2
benopp,3,1,1
bentaylorche,5,2,1
berndloerwald,23,4,2
bernh,7,1,1
berniecode,4,1,1
berrueta,2,6,1
Bersam,3,11,1
berserkguard,2,2,1
bertilholmstrom,17,18,6
BeryJu,2,1,1
bestchai,7,1,1
BestFriendChris,4,4,1
beulard,2,2,1
beygi,5,9,2
bfad,2,3,1
bglavic,5,6,1
bgneal,9,4,2
bgozick,2,1,1
bhattabj,2,1,1
bhuguet,2,5,1
b_idler,4,2,2
bigal41,3,1,1
bigfetz,3,4,1
bigwillyg,4,1,1
billgarrison,15,3,2
BillWagner,6,2,2
BillyGalbreath,4,6,2
BillyONeal,6,6,2
bin2dec,2,1,1
binarymutant,3,1,1
binet,23,8,1
birkenfeld,652,117,52
Bismut,3,8,1
bitbatzen,2,1,1
bitbutcher,2,2,1
bitsquid,183,69,29
BizzAppDev,37,17,4
bjarkef,2,1,1
bjartn,4,2,1
bjfarmer,3,2,2
bjoern,9,4,1
bjones,13,1,1
bkapidani,2,4,1
bkchr,2,1,1
blackey02,3,1,1
blackhawkdc,2,1,1
BlackMATov,4,1,1
blackops7799,2,2,1
blackrim,7,5,1
blacksburg98,2,2,1
blackswift,3,1,1
blast007,6,4,3
blaurent,2,2,1
blazejas789,2,2,1
bletous,2,1,1
blevyq,7,2,2
blockbomb,3,1,1
Bloodwurm,10,3,3
Blorp,4,1,1
blueluna,48,1,1
bmcmurray,2,8,1
bmearns,5,2,1
bo198214,4,1,1
bo1g,2,1,1
bobbyleary,2,1,1
bobf,135,8,3
boblefrag,8,7,2
bobross,2,1,1
bob_swift,5,29,1
boden,4,1,1
bolger,6,1,1
BoLTrees,20,12,1
bolzanni,2,1,1
bomeara,9,1,1
bomhome,2,2,1
bondarenkoalex,2,2,1
bool_,2,1,1
Boolsheet,7,1,1
boomlinde,4,2,1
boomplex,36,5,2
BoostYourBIM,17,4,3
boredzo,87,48,9
borgotta,2,1,1
boriszweimueller,2,2,1
bos,266,74,15
bosch,4,1,1
bosp,7,7,4
Bounz,2,2,1
Bouska,1,1,1
bparanj,8,1,1
bpio,21,2,1
bpollack,2,17,1
brad,2,4,1
bradj,2,4,1
braghimsistemas,1,1,1
brahmbhattspandan,21,12,3
BrainHearts,2,8,1
bralpassos,1,6,1
brandon,29,30,6
